Block,Date,Block title,Title,Subtitle,Link,Publish
Summit I,Oct 17–18,The Science & Tech Augmenting Life,Japan's Longevity Imperative,What Japan learned — and what it needs from the world.,,TRUE
Summit I,,,KBIC as a Global Laboratory for Longevity,,,TRUE
Summit I,,,"Bioengineering, MedTech, Biostasis, Replacement & Augmentation",,,TRUE
Summit I,,,Women's Health,The next trillion-dollar market.,,TRUE
Summit I,,,AI × Longevity Bio,,,TRUE
Summit II,Oct 24–25,From East to West: Bridging the Longevity Gap,Longevity Trends & Supercentenarians,"Impact, and the bottlenecks holding the field back.",,TRUE
Summit II,,,The Stakeholders,"Investment, R&D, entrepreneurship — and regulation as an acceleration mechanism.",,TRUE
Summit II,,,Japan's Model,Conditional approval generating real-world evidence.,,TRUE
Summit II,,,Visions for the Future of Longevity,,,TRUE
Finale,Oct 26,,The Frontier Human Fashion Show & Demo Day,Devices become couture.,#fashion,TRUE
