Day,Venue,Venue link,Start,End,Kind,Block,Title,Speakers,Notes,Publish
Saturday 17 October,,https://maps.app.goo.gl/mXhV3fUvzCiEUmVL7,11:00,11:10,open,Opening,"Welcome: vision, ageing and human enhancement",Pedro Henrich (Unchain Bio),,TRUE
Saturday 17 October,,,11:15,11:30,open,Opening,Host welcome and format of the event,Victoria Massó (Mirai Tech City); Keiko Kobayashi (KBIC / FBRI); Prof. Takahiro Yasuda (Kobe University),,TRUE
Saturday 17 October,,,11:35,11:55,keynote,Keynote,"The information theory of ageing, and why I built the company here",Prof. Motoshi Hayano (ASAGI Labs),,TRUE
Saturday 17 October,,,12:00,12:20,,Japan: The Global Laboratory,Building in KBIC: what the cluster actually opens up,Keiko Kobayashi (KBIC / FBRI),,TRUE
Saturday 17 October,,,12:25,12:45,,Japan: The Global Laboratory,"Building medtech in Japan: what we had to overcome, and why we built the MIC",Prof. Takahiro Yasuda (Kobe University),,TRUE
Saturday 17 October,,,12:50,13:10,,Japan: The Global Laboratory,"Engineering Cell Fate, Transforming Medicine: iPS Cell-Based Innovations in Drug Discovery and Cell Therapy",Prof. Takashi Aoi (Kobe University Graduate School of Medicine),,TRUE
Saturday 17 October,,,13:15,13:35,,Japan: The Global Laboratory,A 295-year-old pharmacy in the final twenty of a USD 101M prize,Tomonari Abe (Abe Yoando Pharma),,TRUE
Saturday 17 October,,,13:40,14:00,,Japan: The Global Laboratory,Japan is Now: The Global Laboratory for Medical Innovation,Rodney Kelly (MEDISO / HekaBio),,TRUE
Saturday 17 October,,,14:00,14:40,break,Break,Lunch and networking,,,TRUE
Saturday 17 October,,,14:40,15:10,panel,Japan: The Global Laboratory Panel,Building life sciences in Japan: the enabling environment,Iris Jiang (Stellar Science Foundation); Rodney Kelly (MEDISO / HekaBio); Eleanor Sheekey (RIKEN BDR Kobe); Keiko Kobayashi (KBIC / FBRI); Prof. Takahiro Yasuda (Kobe University); Yuichi Fukunaga (Taxa Technologies),,TRUE
Saturday 17 October,,,15:15,15:35,,Japan: The Global Laboratory,Title to be confirmed,,,TRUE
Saturday 17 October,,,15:35,16:05,break,Break,Networking and drinks,,,TRUE
Saturday 17 October,,,16:05,16:25,,Bioengineering the Human Body,Cells vs. the ECM: who's in charge of tissue aging?,Eleanor Sheekey (RIKEN BDR Kobe),,TRUE
Saturday 17 October,,,16:30,16:50,,Bioengineering the Human Body,Precision medicine in oncology,Felix Oen (NeoTILa Biosciences),,TRUE
Saturday 17 October,,,16:55,17:15,,Bioengineering the Human Body,Psilocybin and biological aging: from discovery to human studies,"Louise Hecker, PhD (Baylor College of Medicine)",,TRUE
Saturday 17 October,,,17:20,17:40,,Bioengineering the Human Body,Food lies: what ancestral nutrition teaches us about metabolic health and longevity,Brian Sanders (Peak Human / SAPIEN),,TRUE
Saturday 17 October,,,17:45,18:05,,Bioengineering the Human Body,Solarpunk protein to biofacturing: synthetic biology and DIY bio,Yuki Hanyu (Shojinmeat Project),,TRUE
Saturday 17 October,,,18:10,18:30,,Bioengineering the Human Body,Menstrual blood as a renewable stem cell source,Juliette Humer (Muse Bio),,TRUE
Saturday 17 October,,,18:35,18:55,,Bioengineering the Human Body · online,From black holes to broken bones,Prof. Stuart Reid FRSE (University of Strathclyde),,TRUE
Saturday 17 October,,,19:00,19:10,,AI×Bio · online,Title to be confirmed,"Derya Unutmaz, MD (The Jackson Laboratory)",,TRUE
Saturday 17 October,,,19:10,19:15,open,Close,Day close and evening logistics,Victoria Massó (Mirai Tech City),,TRUE
Saturday 17 October,,,19:15,20:30,break,Networking,Networking and drinks,,,TRUE
Sunday 18 October,,https://maps.app.goo.gl/mXhV3fUvzCiEUmVL7,11:00,11:10,open,Opening,Day 2 framing,Victoria Massó (Mirai Tech City),,TRUE
Sunday 18 October,,,11:10,11:30,,Bioengineering the Human Body,The ageing blood system: why old bone marrow makes the wrong cells,"Prof. Masanori Miyanishi, MD PhD (Kobe University Graduate School of Medicine)",,TRUE
Sunday 18 October,,,11:35,11:55,,Bioengineering the Human Body,Psilocybin beyond the brain: new approaches to skin aging and repair,"Kosuke Kato, PhD (Baylor College of Medicine)",,TRUE
Sunday 18 October,,,12:00,12:10,,Bioengineering the Human Body · online,Beyond Aging Clocks: Measuring Biological Function Over Time,"Ryan McCall, PhD (Continuity Labs)",,TRUE
Sunday 18 October,,,12:15,12:30,,AI×Bio,Implication of AI in Neurocognitive Development,Taylor Capito (GenRAIT),,TRUE
Sunday 18 October,,,12:35,12:55,,Beyond Biology: Augmentation,The degrees of freedom of the brain,"Prof. Kentaroh Takagaki, MD PhD BAgr (University of Yamanashi / Institute of Science Tokyo)",,TRUE
Sunday 18 October,,,13:00,13:20,,Beyond Biology: Augmentation,Isolated brain perfusion and electrophysiology,"Kaarthik Abhinav Balakrishnan, PhD (Eightsix Science)",,TRUE
Sunday 18 October,,,13:25,13:45,,Beyond Biology: Augmentation,Nobody Asked Permission: How Biohackers Are Building the Cybernetic Industry,Jeffrey Tibbetts (Symbiont Labs),,TRUE
Sunday 18 October,,,13:45,14:25,break,Break,Lunch and networking,,,TRUE
Sunday 18 October,,,14:25,14:45,,AI×Bio×Medtech,"The Smart Cyber Operating Theater: AI, robotics and a networked operating room","Prof. Yoshihiro Muragaki, MD PhD (Kobe University)",,TRUE
Sunday 18 October,,,14:50,15:10,,AI×Bio×Medtech,Shipping real things with AI: what the builder community is actually making,Devinder Sodhi (Learning Layer Labs),,TRUE
Sunday 18 October,,,15:15,15:35,,AI×Bio×Medtech,From epigenetics to new therapies,Bilal Kharouni (ekei labs),,TRUE
Sunday 18 October,,,15:35,16:05,break,Break,Coffee and networking,,,TRUE
Sunday 18 October,,,16:05,16:25,,AI×Bio×Medtech,Ethics as a competitive advantage,Alice Gilman (R3 Bio),,TRUE
Sunday 18 October,,,16:30,16:50,,Japan: The Global Laboratory,Guide to AMED,Shingo Kawasaki (AMED),,TRUE
Sunday 18 October,,,16:55,17:15,,XPRIZE Healthspan,Minicircle: plasmid gene therapy in the USD 101M healthspan race,Walter Patterson (Minicircle),,TRUE
Sunday 18 October,,,17:20,17:40,,XPRIZE Healthspan,"Sixteen companies, one consortium: how Japanese industry organised around healthspan",Prof. Motoshi Hayano (ASAGI Labs),,TRUE
Sunday 18 October,,,17:45,18:05,,XPRIZE Healthspan · online,"Editing the Epigenome, Not the Genome: CRISPR-GNDM for FSHD, a Disease of Aberrant Gene Regulation",Yosuke Nakashima (Modalis Therapeutics),,TRUE
Sunday 18 October,,,18:10,18:40,panel,XPRIZE Healthspan Panel,Innovation prizes: drivers of healthspan research,Walter Patterson (Minicircle); Prof. Motoshi Hayano (ASAGI Labs),,TRUE
Sunday 18 October,,,18:40,19:00,keynote,Closing keynote,Japan's Initiatives Aimed at Preventing Dementia: From the J-MINT PRIME TAMBA Study to Social Implementation,"Prof. Hisatomo Kowa, MD PhD (Kobe University)",,TRUE
Sunday 18 October,,,19:00,19:10,open,Close,Summit I close,Victoria Massó (Mirai Tech City),,TRUE
Sunday 18 October,,,19:10,20:30,break,Networking,Networking and drinks,,,TRUE
Saturday 24 October,,https://maps.app.goo.gl/mXhV3fUvzCiEUmVL7,11:00,11:05,open,Opening,Introduction to Summit II,Victoria Massó (Mirai Tech City),,TRUE
Saturday 24 October,,,11:10,11:30,keynote,Keynote,"RMR1 was a qualified win: what combining four rejuvenation therapies did, and what RMR2 does next",Dr Aubrey de Grey (LEV Foundation),,TRUE
Saturday 24 October,,,11:35,11:55,,The Longevity Imperative,The death of death: the scientific possibility of physical immortality,José Luis Cordeiro (International Longevity Summit),,TRUE
Saturday 24 October,,,12:00,12:20,,The Longevity Imperative,Research and prospects of supercentenarian data,Natalie S. Coles de Grey (LEV Foundation / Human Longevity Inc.),,TRUE
Saturday 24 October,,,12:25,12:55,panel,The Longevity Imperative Panel,Defining the evidentiary standard for ageing as a treatable condition,Dr Aubrey de Grey; José Luis Cordeiro; Natalie S. Coles de Grey,,TRUE
Saturday 24 October,,,13:00,13:15,panel,The Longevity Imperative · online Fireside,"Building the Vitalism Foundation and the largest longevity community in the US, and why we are looking at Japan",Adam Gries (Vitalism Foundation / Vitalist Bay); Rie Yano (Coral Capital),,TRUE
Saturday 24 October,,,13:15,13:50,break,Break,Lunch and networking,,,TRUE
Saturday 24 October,,,13:50,14:10,,R&D: Closing the Translation Gap,"Does Japan train clinicians who can work across science, engineering, regulation and business?","Prof. Kentaroh Takagaki, MD PhD BAgr (University of Yamanashi / Institute of Science Tokyo)",,TRUE
Saturday 24 October,,,14:15,14:35,,R&D: Closing the Translation Gap,From a lab clock to a product: commercialising LinAge2,Julie Ying Baron (LiveBeyond),,TRUE
Saturday 24 October,,,14:40,15:00,,R&D: Closing the Translation Gap,The business of biotech: translating research into a marketable product,"Irit Rappley, PhD (NNP Labs)",,TRUE
Saturday 24 October,,,15:05,15:25,,R&D: Closing the Translation Gap,Title to be confirmed,Matt Scholz (Oisín Biotechnologies),,TRUE
Saturday 24 October,,,15:30,16:00,panel,R&D: Closing the Translation Gap Panel,Why does good science stay in the lab?,"Prof. Kentaroh Takagaki, MD PhD BAgr (Institute of Science Tokyo); Irit Rappley, PhD (NNP Labs); Julie Ying Baron (LiveBeyond); Karen Onuma (GlobalDeal); Matt Scholz (Oisín Biotechnologies); Zain Rana (GreyRigge Associates)",,TRUE
Saturday 24 October,,,16:00,16:30,break,Break,Coffee and networking,,,TRUE
Saturday 24 October,,,16:30,16:50,,From Lab to Market,Routes to market: why we build longevity science in Japan,Keita Masui (ASAGI Labs Ventures),,TRUE
Saturday 24 October,,,16:55,17:15,,From Lab to Market,Early-stage capital and cross-border founding teams in Japan,Florian Geier (Antler Japan),,TRUE
Saturday 24 October,,,17:20,17:40,,From Lab to Market,Title to be confirmed,,,TRUE
Saturday 24 October,,,17:45,18:25,panel,From Lab to Market Panel,Funding longevity and biotech in Japan: what investors need to see,"Keita Masui (ASAGI Labs Ventures); Florian Geier (Antler Japan); Paul Yang (Governance Partners); Karen Onuma (GlobalDeal, moderator)",,TRUE
Saturday 24 October,,,18:30,18:40,,From Lab to Market,Structuring a cross-border round into Japan,,,TRUE
Saturday 24 October,,,18:45,18:55,,From Lab to Market,Title to be confirmed,,,TRUE
Saturday 24 October,,,19:00,19:20,,From Lab to Market,How America is losing the longevity race,Jordan Lasker (Researcher and bioinformatician),,TRUE
Saturday 24 October,,,19:20,19:25,open,Close,Day close,Victoria Massó (Mirai Tech City),,TRUE
Saturday 24 October,,,19:25,20:30,break,Networking,Networking and drinks,,,TRUE
Sunday 25 October,,https://www.google.com/maps/search/?api=1&query=Kobe+Portopia+Hotel,11:00,11:05,open,Opening,Introduction,Victoria Massó (Mirai Tech City),,TRUE
Sunday 25 October,,,11:10,11:30,,Japan: The Global Laboratory,"Why Japan makes sense for Minicircle, and why it should matter for others",Mac Davis (Minicircle),,TRUE
Sunday 25 October,,,11:35,11:55,,Japan: The Global Laboratory,Title to be confirmed,,,TRUE
Sunday 25 October,,,12:00,12:20,,AI×Bio×Medtech · online,When will superintelligence solve disease?,Joe Betts-LaCroix (Retro Biosciences),,TRUE
Sunday 25 October,,,12:25,12:45,,Regulation and Market Access,The regulatory advantage: why we license therapies into Japan first,Rob Claar (HekaBio),,TRUE
Sunday 25 October,,,12:50,13:10,,Regulation and Market Access,Ship in Japan first: the data case,Nelson Milla (Unchain Bio),,TRUE
Sunday 25 October,,,13:15,13:35,,Regulation and Market Access,The patient is the corridor: what a longevity jurisdiction has to build after the law,Josh Mann (The LARTA Agency),,TRUE
Sunday 25 October,,,13:40,14:00,panel,Regulation and Market Access Panel,Governance for open innovation,"Laurence Ion (VitaDAO); Patri Friedman (Pronomos Capital, online); Ian Huyett, JD (Cornerstone / Granite Bio Innovation)",,TRUE
Sunday 25 October,,,14:00,14:30,break,Break,Lunch and networking,,,TRUE
Sunday 25 October,,,14:30,14:50,panel,Japan: The Global Laboratory Panel,Doing research in Japan: what scientists from abroad actually find,"Eleanor Sheekey (RIKEN BDR Kobe); Aya McGlothlin (Happa World); Kyungmin Kim, PhD",,TRUE
Sunday 25 October,,,14:55,15:15,keynote,Keynote,Digital immortality via seamless mind uploading and AI replacement of damaged brain circuitry,Assoc. Prof. Masataka Watanabe (University of Tokyo),,TRUE
Sunday 25 October,,,15:20,15:40,,East to West,"Bio-hybrid brain grafts, and why we are building them in Japan",Daniel Burger (Eightsix Science / Synconetics Organisation),,TRUE
Sunday 25 October,,,15:45,16:05,,The Human Layer,Longevity-driven management: why healthspan is a business metric,Muneaki Goto (Japan Reskilling Initiative),,TRUE
Sunday 25 October,,,16:10,16:40,panel,The Human Layer Fireside,Building the communities that carry the future,Todd Porter (Prosperity Exchange); Marian Goodell (Burning Man Project); Victoria Massó (Mirai Tech City),,TRUE
Sunday 25 October,,,16:40,16:55,break,Break,Coffee and networking,,,TRUE
Sunday 25 October,,,16:55,17:25,panel,Visions for the Future of Human Lifespan Fireside,The future of longevity science,Nathan Cheng (Longevity Biotech Fellowship); Pedro Henrich (Unchain Bio),,TRUE
Sunday 25 October,,,17:30,18:00,keynote,Closing keynote,The future of longevity science: the East and the West,Dr Aubrey de Grey (LEV Foundation); Assoc. Prof. Masataka Watanabe (University of Tokyo),,TRUE
Monday 26 October,,https://www.google.com/maps/search/?api=1&query=Kobe+Fashion+Museum+Orbis+Hall,12:00,12:15,open,Opening,Welcome and introductions,,,TRUE
Monday 26 October,,,12:20,12:40,,Lifestyle Longevity,"Why Longevity Needs a Culture, Not Just a Cure",Elen Capri (Longevity advocate and documentary producer),,TRUE
Monday 26 October,,,12:45,13:05,,Lifestyle Longevity · online,Title to be confirmed,,,TRUE
Monday 26 October,,,13:10,13:30,,Lifestyle Longevity,The Missing Variable: What Happens Between the Interventions,Tateki Matsuda (Japan Biohacking Association),,TRUE
Monday 26 October,,,13:35,13:55,,Lifestyle Longevity,Building startup societies in rural Japan: what Zō Village is learning,Brandon Possin (Zō Village),,TRUE
Monday 26 October,,,14:00,14:20,,Lifestyle Longevity,"Longevity, Dawn of a New Civilization: A Longer Life Needs a Larger Purpose",Cesar Gonzales (HEIRITAGE EcoCultural),,TRUE
Monday 26 October,,,14:25,15:00,break,Demo Day,Networking and food with founders,,,TRUE
Monday 26 October,,,15:05,15:20,open,Demo Day,Judges' briefing,,,TRUE
Monday 26 October,,,15:25,16:25,,Demo Day,"Pitches, first half: 10 companies, 4-minute pitch plus 2 minutes of questions",,,TRUE
Monday 26 October,,,16:25,16:45,break,Break,Break,,,TRUE
Monday 26 October,,,16:45,17:45,,Demo Day,"Pitches, second half: 10 companies",,,TRUE
Monday 26 October,,,17:50,18:25,,University showcase,"Kobe University and partner institutions, while the jury deliberates",,,TRUE
Monday 26 October,,,18:30,18:50,open,Demo Day,"Results and the Japan Landing Award, presented by GlobalDeal",,,TRUE
Monday 26 October,,,18:55,19:15,open,Close,Closing: Daruma painting,,,TRUE
Monday 26 October,,,19:20,20:30,break,Networking,Networking,,,TRUE
Monday 26 October,,,,,pitch,Demo Day pitches,ATN1 Axis,,Humanised models for gene-based therapies,TRUE
Monday 26 October,,,,,pitch,Demo Day pitches,Eightsix Science,,Bio-hybrid brain grafts and organoid tools,TRUE
Monday 26 October,,,,,pitch,Demo Day pitches,HALOS Biosciences,,"Lab-grown human fetal plasma, a replacement for fetal bovine serum",TRUE
Monday 26 October,,,,,pitch,Demo Day pitches,Hypervariant,,Inflammation diagnostics for brain health,TRUE
Monday 26 October,,,,,pitch,Demo Day pitches,Muse Bio,,Cell-free conditioned media and exosomes from menstrual stem-cell lines,TRUE
Monday 26 October,,,,,pitch,Demo Day pitches,NNP Labs,,,TRUE
Monday 26 October,,,,,pitch,Demo Day pitches,Tvashtr Biotech,,Collagen and ECM platform for regenerative medicine,TRUE
Monday 26 October,,,,,pitch,Demo Day pitches,"Watanabe Lab, University of Tokyo",,Consciousness and mind-uploading research,TRUE
