Display name,First name,Last name,Affiliation,Talk,Bio,Sessions,Group,Show on,Photo,Name JP,Role JP,Focus JP,Publish
,Aubrey,de Grey,LEV Foundation,,,,Scientists,"landing, conferences, experience, startups, jp",/img/aubrey.webp,オーブリー・デグレイ,プレジデント兼最高科学責任者,マウスを用いた若返り研究,TRUE
,Motoshi,Hayano,Keio University,,,,Scientists,"landing, conferences, experience, startups",/img/hayano.webp,,,,TRUE
,Eleanor,Sheekey,RIKEN Kobe / Sheekey Science Show,,,,Scientists,conferences,/img/sheekey.webp,,,,TRUE
,José,Cordeiro,International Longevity Summit,,,,Scientists,"conferences, experience, jp",/img/cordeiro.webp,ホセ・ルイス・コルデイロ,シニアフェロー,未来予測｜The Death of Death 著者,TRUE
,Joe,Betts-LaCroix,"CEO, Retro Biosciences",,,,Founders,conferences,/img/betts-lacroix.webp,,,,TRUE
Natalie S. Coles de Grey,Natalie,Coles de Grey,Human Longevity Inc & LEV Foundation,,,S2,Scientists,,,,,,TRUE
Walter Marion Patterson,Walter,Patterson,"CSO, Minicircle",,,"S2, F",Scientists,,,,,,TRUE
Prof. Stuart Reid,Stuart,Reid,University of Strathclyde,,,S2,Scientists,,,,,,TRUE
Prof. Takahiro Yasuda,Takahiro,Yasuda,Kobe University,,,S1,Scientists,,,,,,TRUE
,Keiko,Kobayashi,Kobe Biomedical Innovation Cluster (FBRI),,,S1,Scientists,,,,,,TRUE
,Muneaki,Goto,Reskilling initiative,,,S2,Scientists,,,,,,TRUE
,Ada,Cyborg,Transhumanist AI / BCI artist,,,F,Scientists,,,,,,TRUE
,Elen,Capri,Wellness & longevity creator,,,F,Scientists,,,,,,TRUE
,Jordan,Lasker,Researcher / writer,,,S2,Scientists,,,,,,TRUE
,Iris,Jiang,Stellar Science Foundation,,,S1,Scientists,,,,,,TRUE
"Louise Hecker, PhD",Louise,Hecker,Baylor College of Medicine,,,S1,Scientists,,,,,,TRUE
"Kosuke Kato, PhD",Kosuke,Kato,Baylor College of Medicine,,,S1,Scientists,,,,,,TRUE
,Kentaroh,Takagaki,Eighteen Six,,,,Scientists,,,,,,TRUE
,Masataka,Watanabe,Eighteen Six,,,,Scientists,,,,,,TRUE
Kaarthik Abhinav Balakrishnan,Kaarthik,Balakrishnan,Eighteen Six,,,,Scientists,,,,,,TRUE
Prof. Takashi Aoi,Takashi,Aoi,Kobe University Graduate School of Medicine,,,S1,Scientists,,,,,,TRUE
,Yoshihiro,Muragaki,Faculty of Advanced Techno-Surgery (FATS),,,"S1, S2",Scientists,,,,,,TRUE
"Masanori Miyanishi, MD PhD",Masanori,Miyanishi,Kobe University Graduate School of Medicine,,,S1,Scientists,,,,,,TRUE
,Yuki,Hanyu,IntegriCulture,,,,Founders,"landing, conferences, experience, startups, jp",/img/yuki.webp,羽生 雄毅,創業者兼CEO,細胞農業向け細胞培養システム,TRUE
,Adam,Gries,Vitalist Bay,,,,Founders,"landing, conferences, experience, startups, jp",/img/adam.webp,アダム・グリーズ,創設者,コミュニティイベントの企画｜コミュニティ形成,TRUE
,Yuri,Deigin,YouthBio Therapeutics,,,,Founders,conferences,/img/deigin.webp,,,,TRUE
,Mac,Davis,Minicircle,,,,Founders,conferences,/img/davis.webp,,,,TRUE
,Marian,Goodell,"CEO, Burning Man Project",,,S2,Founders,,none,,,,TRUE
,Laurence,Ion,VitaDAO / Vitalia,,,S2,Founders,,,,,,TRUE
,Sebastian,Brunemeier,Healthspan Capital / Cambrian,,,S2,Founders,,,,,,TRUE
,Patri,Friedman,Pronomos Capital,,,"S2, Online",Founders,,,,,,TRUE
,Matt,Scholz,Oisin Bio,,,S2,Founders,,,,,,TRUE
,Todd,Porter,EDGEof / Venture Cafe Tokyo,,,S2,Founders,,,,,,TRUE
,Josh,Mann,"COO, The LARTA Agency",,,S2,Founders,,,,,,TRUE
,Florian,,Antler,,,S2,Founders,,,,,,TRUE
,Rob,Claar,"CEO, HekaBio",,,S1,Founders,,,,,,TRUE
,Rodney,Kelly,MEDISO,,,S2,Founders,,,,,,TRUE
,Ian,Huyett,Granite Bio Innovation,,,S1,Founders,,,,,,TRUE
,Sandeep,Casi,Investor,,,S2,Founders,,,,,,TRUE
,Keita,Masui,ASAGI Labs,,,S2,Founders,,,,,,TRUE
,Devinder,Sodhi,Learning Layer Labs,,,S1,Founders,,,,,,TRUE
,Sumit,Jamuar,XPRIZE Brain Trust,,,S2,Founders,,,,,,TRUE
,Daniel,Burger,Eightsix Science,,,S2,Founders,,,,,,TRUE
,Juliette,Humer,Muse Bio,,,S1,Founders,,,,,,TRUE
,Jeffrey,Tibbetts,Symbiont Labs,,,S1,Founders,,,,,,TRUE
,Nathan,Cheng,Longevity Biotech Fellowship,,,F,Founders,,,,,,TRUE
,Felix,Oen,Co-founder & CEO,,,S1,Founders,,,,,,TRUE
,Brandon,Possin,ZōVillage,,,S1,Founders,,,,,,TRUE
,Bilal,Kharouni,Ekei Labs,,,S1,Founders,,,,,,TRUE
,Alice,Gilman,R3 Bio,,,S1,Founders,,,,,,TRUE
Julie Ying Baron,Julie,Baron,LiveBeyond,,,S2,Founders,,,,,,TRUE
,Irit,Rappley,"Co-founder & CEO, NNP Labs",,,S2,Founders,,,,,,TRUE
,Czar,Gonzalez,HEIRITAGE EcoCultural,,,S2,Founders,,,,,,TRUE
,Tomonari,Abe,ABE YOANDO,,,S1,Founders,,,,,,TRUE
,Paul,Yang,Governance Partners,,,S2,Founders,,,,,,TRUE
